GENERICO,FORMA_FARMACEUTICA,CONTENIDO,DESCRIPCION_ENVASE
ACICLOVIR,UNGÜENTO OFTALMICO,CADA 100 GRAMOS CONTIENEN ACICLOVIR 3 G,4.5 G
ACICLOVIR,TABLETA O COMPRIMIDO,CADA COMPRIMIDO O TABLETA CONTIENE: ACICLOVIR 200 MG,25 COMPRIMIDOS O TABLETAS
ACIDO ACETILSALICILICO,TABLETA,CADA TABLETA CONTIENE: ACIDO ACETILSALICILICO 500 MG,20 TABLETAS
ACIDO ACETILSALICILICO,TABLETA SOLUBLE O EFERVESCENTE,CADA TABLETA SOLUBLE O EFERVESCENTE CONTIENE: ACIDO ACETILSALICILICO 300 MG,20 TABLETAS SOLUBLES O EFERVESCENTES
ACIDO ACETILSALICILICO,TABLETA,CADA TABLETA CONTIENE: ACIDO ACETILSALICILICO 100 MG CON O SIN RECUBRIMIENTO,"28 TABLETAS,"
ACIDO ALENDRONICO,TABLETA O COMPRIMIDO,CADA TABLETA O COMPRIMIDO CONTIENE ALENDRONATO DE SODIO EQUIVALENTE A 10 MG DE ACIDO ALENDRONICO,30 TABLETAS O COMPRIMIDOS
ACIDO ASCORBICO,TABLETA,CADA TABLETA CONTIENE: ACIDO ASCORBICO 100 MG,20 TABLETAS
ACIDO FOLICO,TABLETA,CADA TABLETA CONTIENE: ACIDO FOLICO 5 MG,20 TABLETAS
ACIDO FOLICO,TABLETA,CADA TABLETA CONTIENE: ACIDO FOLICO 5 MG,92 TABLETAS
ACIDO FOLICO,TABLETA,CADA TABLETA CONTIENE: ACIDO FOLICO 0.4 MG,90 TABLETAS
ACIDO RETINOICO,CREMA,CADA 100 GRAMOS CONTIENEN: ACIDO RETINOICO 0.05 G,20 G
ACIDO RISEDRONICO,GRAGEA O TABLETA,CADA GRAGEA O TABLETA CONTIENE: RISEDRONATO SODICO 35 MG,4 GRAGEAS O TABLETAS
ACIDO URSODEOXICOLICO,CAPSULA,CADA CAPSULA CONTIENE: ACIDO URSODEOXICOLICO 250 MG,50 CAPSULAS
ADENOSINA,SOLUCION INYECTABLE,CADA FRASCO AMPULA CONTIENE: ADENOSINA 6 MG,6 FRASCOS AMPULA CON 2 ML
AGUA INYECTABLE,SOLUCION INYECTABLE,CADA AMPOLLETA CONTIENE: AGUA INYECTABLE 10 ML,100 AMPOLLETAS CON 10 ML
AGUA INYECTABLE,SOLUCION INYECTABLE,CADA ENVASE CONTIENE: AGUA INYECTABLE 500 ML,500 ML
ALIBOUR,POLVO,CADA GRAMO CONTIENE: SULFATO DE COBRE 177.0 MG SULFATO DE ZINC 619.5 MG ALCANFOR 26.5 MG,12 SOBRES CON 2.2 G
ALOPURINOL,TABLETA,CADA TABLETA CONTIENE: ALOPURINOL 300 MG,20 TABLETAS
ALPRAZOLAM,TABLETA,CADA TABLETA CONTIENE: ALPRAZOLAM 2.0 MG,30 TABLETAS
ALPRAZOLAM,TABLETA,CADA TABLETA CONTIENE: ALPRAZOLAM 0.25 MG,30 TABLETAS
ALTEPLASA,SOLUCION INYECTABLE,CADA FRASCO AMPULA CON LIOFILIZADO CONTIENE: ALTEPLASA (ACTIVADOR TISULAR DEL PLASMINOGENO HUMANO) 50 MG,2 FRASCOS AMPULA CON LIOFILIZADO. 2 FRASCOS AMPULA CON DISOLVENTE Y EQUIPO
ALUMINIO Y MAGNESIO,TABLETA MASTICABLE,CADA TABLETA MASTICABLE CONTIENE: HIDROXIDO DE ALUMINIO 200 MG HIDROXIDO DE MAGNESIO 200 MG O TRISILICATO DE MAGNESIO: 447.3 MG,50 TABLETAS MASTICABLES
ALUMINIO Y MAGNESIO,SUSPENSION ORAL,CADA 100 ML CONTIENEN: HIDROXIDO DE ALUMINIO 3.7 G HIDROXIDO DE MAGNESIO 4.0 G O TRISILICATO DE MAGNESIO: 8.9 G,240 ML Y DOSIFICADOR
AMBROXOL,COMPRIMIDO,CADA COMPRIMIDO CONTIENE: CLORHIDRATO DE AMBROXOL 30 MG,20 COMPRIMIDOS
AMBROXOL,SOLUCION,CADA 100 ML CONTIENEN: CLORHIDRATO DE AMBROXOL 300 MG,120 ML Y DOSIFICADOR
AMIKACINA,SOLUCION INYECTABLE,CADA AMPOLLETA O FRASCO AMPULA CONTIENE: SULFATO DE AMIKACINA EQUIVALENTE A 500 MG DE AMIKACINA,2 AMPOLLETAS O FRASCO AMPULA CON 2 ML
AMIKACINA,SOLUCION INYECTABLE,CADA AMPOLLETA O FRASCO AMPULA CONTIENE: SULFATO DE AMIKACINA EQUIVALENTE A 100 MG DE AMIKACINA,1 AMPOLLETA O FRASCO AMPULA CON 2 ML
AMINOFILINA,SOLUCION INYECTABLE,CADA AMPOLLETA CONTIENE: AMINOFILINA 250 MG,5 AMPOLLETAS DE 10 ML
AMIODARONA,SOLUCION INYECTABLE,CADA AMPOLLETA CONTIENE: CLORHIDRATO DE AMIODARONA 150 MG,6 AMPOLLETAS DE 3 ML
AMIODARONA,TABLETA,CADA TABLETA CONTIENE: CLORHIDRATO DE AMIODARONA 200 MG,20 TABLETAS
AMLODIPINO,TABLETA O CAPSULA,CADA TABLETA O CAPSULA CONTIENE: BESILATO O MALEATO DE AMLODIPINO EQUIVALENTE A 5 MG DE AMLODIPINO,30 TABLETAS O CAPSULAS
AMLODIPINO/VALSARTAN/HIDROCLOROTIAZIDA,COMPRIMIDO,CADA COMPRIMIDO CONTIENE: BESILATO DE AMLODIPINO EQUIVALENTE A 5 MG DE AMLODIPINO VALSARTAN 160 MG HIDROCLOROTIAZIDA 12.5 MG,28 COMPRIMIDOS
AMOXICILINA,SUSPENSION ORAL,CADA FRASCO CON POLVO CONTIENE: AMOXICILINA TRIHIDRATADA EQUIVALENTE A 7.5 G DE AMOXICILINA,POLVO PARA 75 ML (500 MG/5 ML)
AMOXICILINA,CAPSULA,CADA CAPSULA CONTIENE: AMOXICILINA TRIHIDRATADA EQUIVALENTE A 500 MG DE AMOXICILINA,12 CAPSULAS
AMOXICILINA,CAPSULA,CADA CAPSULA CONTIENE: AMOXICILINA TRIHIDRATADA EQUIVALENTE A 500 MG DE AMOXICILINA,15 CAPSULAS
AMOXICILINA - ACIDO CLAVULANICO,TABLETA,CADA TABLETA CONTIENE: AMOXICILINA TRIHIDRATADA EQUIVALENTE A 500 MG. DE AMOXILINA CLAVULANATO DE POTASIO EQUIVALENTE A 125 MG. DE ACIDO CLAVULANICO,16 TABLETAS
AMOXICILINA -ACIDO CLAVULANICO,SUSPENSION ORAL,CADA FRASCO CON POLVO CONTIENE: AMOXICILINA TRIHIDRATADA EQUIVALENTE A 1.5 G DE AMOXICILINA. CLAVULANATO DE POTASIO EQUIVALENTE A 375 MG DE ACIDO CLAVULANICO,60
AMOXICILINA -ACIDO CLAVULANICO,TABLETA,CADA TABLETA CONTIENE: AMOXICILINA TRIHIDRATADA EQUIVALENTE A 500 MG DE AMOXILINA. CLAVULANATO DE POTASIO EQUIVALENTE A 125 MG DE ACIDO CLAVULANICO,12 TABLETAS
AMPICILINA,TABLETA O CAPSULA,CADA TABLETA O CAPSULA CONTIENE: AMPICILINA ANHIDRA O AMPICILINA TRIHIDRATADA EQUIVALENTE A 500 MG DE AMPICILINA,20 TABLETAS O CAPSULAS
AMPICILINA,SUSPENSION ORAL,CADA 5 ML CONTIENEN: AMPICILINA TRIHIDRATADA EQUIVALENTE A 250 MG DE AMPICILINA,POLVO PARA 60 ML Y DOSIFICADOR
ATORVASTATINA,TABLETA,CADA TABLETA CONTIENE: ATORVASTATINA CALCICA TRIHIDRATADA EQUIVALENTE A 20 MG DE ATORVASTATINA,30 TABLETAS
ATORVASTATINA/ EZETIMIBA,TABLETA O CAPSULA,CADA CAPSULA O TABLETA CONTIENE: ATORVASTATINA CALCICA TRIHIDRATO 40.0 MG. Y EZETIMIBA 10.0MG,30 TABLETAS
ATROPINA,SOLUCION INYECTABLE,CADA AMPOLLETA CONTIENE: SULFATO DE ATROPINA 1 MG,50 AMPOLLETAS CON 1 ML
BAÑO COLOIDE,POLVO,CADA GRAMO CONTIENE: HARINA DE SOYA 965 MG (CONTENIDO PROTEICO 45%) POLIVIDONA 20 MG,DOS SOBRES INDIVIDUALES DE 90 G
"BECLOMETASONA, DIPROPIONATO DE",SUSPENSION EN AEROSOL,CADA INHALACION CONTIENE: DIPROPIONATO DE BECLOMETASONA 50 MICROGRAMOS,DISPOSITIVO INHALADOR PARA 200 DOSIS
BENCILPENICILINA SODICA CRISTALINA,SOLUCION INYECTABLE,CADA FRASCO AMPULA CON POLVO CONTIENE: BENCILPENICILINA SODICA CRISTALINA EQUIVALENTE A 1000 000 UI DE BENCILPENICILINA,"UN FRASCO AMPULA, CON O SIN 2 ML"
BENZATINA BENCILPENICILINA,SUSPENSION INYECTABLE,CADA FRASCO AMPULA CON POLVO CONTIENE: BENZATINA BENCILPENICILINA EQUIVALENTE A 1 200 000 UI DE BENCILPENICILINA,UN FRASCO AMPULA Y 5 ML DE DILUYENTE
BENZONATATO,PERLA O CAPSULA,CADA PERLA O CAPSULA CONTIENE: BENZONATATO 100 MG,20 PERLAS O CAPSULAS
BEZAFIBRATO,TABLETA,CADA TABLETA CONTIENE: BEZAFIBRATO 200 MG,30 TABLETAS
BIPERIDENO,TABLETA,CADA TABLETA CONTIENE: CLORHIDRATO DE BIPERIDENO 2 MG,50 TABLETAS
BROMAZEPAM,COMPRIMIDO,CADA COMPRIMIDO CONTIENE: BROMAZEPAM 3 MG,30 COMPRIMIDOS
BROMURO DE TIOTROPIO,POLVO,CADA CAPSULA CONTIENE: BROMURO DE TIOTROPIO MONOHIDRATADO EQUIVALENTE A 18 MICROGRAMOS DE TIOTROPIO,30 CAPSULAS (REPUESTO)
BUDESONIDA,POLVO,CADA DOSIS CONTIENE: BUDESONIDA (MICRONIZADA) 100 MICROGRAMOS,200 DOSIS Y DISPOSITIVO INHALADOR
BUTILHIOSCINA O HIOSCINA,GRAGEA O TABLETA,CADA GRAGEA O TABLETA CONTIENE: BROMURO DE BUTILHIOSCINA O BUTILBROMURO DE HIOSCINA 10 MG,10 GRAGEAS O TABLETAS
BUTILHIOSCINA O HIOSCINA,SOLUCION INYECTABLE,CADA AMPOLLETA CONTIENE: BROMURO DE BUTILHIOSCINA O BUTILBROMURO DE HIOSCINA 20 MG,3 AMPOLLETAS DE 1 ML
CALCIO,COMPRIMIDO EFERVESCENTE,CADA COMPRIMIDO CONTIENE: LACTATO GLUCONATO DE CALCIO 2.94 G CARBONATO DE CALCIO 300 MG EQUIVALENTE A 500 MG DE CALCIO IONIZABLE,12 COMPRIMIDOS
CALCITRIOL,CAPSULA DE GELATINA BLANDA,CADA CAPSULA CONTIENE: CALCITRIOL 0.25 MICROGRAMOS,50 CAPSULAS
CAPTOPRIL,TABLETA,CADA TABLETA CONTIENE: CAPTOPRIL 25 MG,30 TABLETAS
CARBAMAZEPINA,TABLETA,CADA TABLETA CONTIENE: CARBAMAZEPINA 200 MG,20 TABLETAS
CARBONATO DE CALCIO / VITAMINA D3,TABLETA,CADA TABLETA CONTIENE: CARBONATO DE CALCIO 1666.670 MG. EQUIVALENTE A 600 MG DE CALCIO COLECALCIFEROL 6.2 MG EQUIVALENTE A 400 UI DE VITAMINA D3,30 TABLETAS
CASEINATO DE CALCIO,POLVO,CADA 100 G CONTIENEN: PROTEINAS 86.0 A 90.0 G GRASAS 0.0 A 2.0 G MINERALES 3.8 A 6.0 G HUMEDAD 0.0 A 6.2 G,100 G
CELECOXIB,CAPSULA,CADA CAPSULA CONTIENE: CELECOXIB 200 MG,10 CAPSULAS
CINARIZINA,TABLETA,CADA TABLETA CONTIENE: CINARIZINA 75 MG,60 TABLETAS
CIPROFLOXACINO,TABLETA O CAPSULA,CADA CAPSULA O TABLETA CONTIENE: CLORHIDRATO DE CIPROFLOXACINO MONOHIDRATADO EQUIVALENTE A 250 MG DE CIPROFLOXACINO,8 CAPSULAS O TABLETAS
CIPROTERONA-ETINILESTRADIOL,GRAGEA,CADA GRAGEA CONTIENE: ACETATO DE CIPROTERONA 2 MG ETINILESTRADIOL 0.035 MG,21 GRAGEAS
CITALOPRAM,TABLETA,CADA TABLETA CONTIENE: BROMHIDRATO DE CITALOPRAM EQUIVALENTE A 20 MG DE CITALOPRAM,28 TABLETAS
CLINDAMICINA,CAPSULA,CADA CAPSULA CONTIENE: CLORHIDRATO DE CLINDAMICINA EQUIVALENTE A 300 MG DE CLINDAMICINA,16 CAPSULAS
CLIOQUINOL,CREMA,CADA G CONTIENE: CLIOQUINOL 30 MG,20 G
CLONAZEPAM,TABLETA,CADA TABLETA CONTIENE: CLONAZEPAM 2 MG,30 TABLETAS
CLONAZEPAM,SOLUCION,CADA ML CONTIENE: CLONAZEPAM 2.5 MG,10 ML Y GOTERO INTEGRAL
CLORANFENICOL,SOLUCION OFTALMICA,CADA ML CONTIENE: CLORANFENICOL LEVOGIRO 5 MG,GOTERO INTEGRAL CON 15 ML
CLORANFENICOL,UNGÜENTO OFTALMICO,CADA G CONTIENE: CLORANFENICOL LEVOGIRO 5 MG,5 G
CLORFENAMINA,TABLETA,CADA TABLETA CONTIENE: MALEATO DE CLORFENAMINA 4.0 MG,20 TABLETAS
CLORFENAMINA,JARABE,CADA MILILITRO CONTIENE: MALEATO DE CLORFENAMINA 0.5 MG,60 ML
CLORFENAMINA COMPUESTA,TABLETA,"CADA TABLETA CONTIENE PARACETAMOL 500 MG, CAFEINA 25 MG, CLORHIDRATO DE FENILEFRINA 5 MG, MALEATO DE CLORFENAMINA 4 MG",10 TABLETAS
CLORTALIDONA,TABLETA,CADA TABLETA CONTIENE: CLORTALIDONA 50 MG,20 TABLETAS
CLORURO DE SODIO,SOLUCION INYECTABLE,CADA 100 ML CONTIENEN: CLORURO DE SODIO 0.9 G AGUA INYECTABLE 100 ML,250 ML. CONTIENE: SODIO 38.5 MILIEQUIVALENTES CLORURO 38.5 MILIEQUIVALENTES
CLORURO DE SODIO,SOLUCION INYECTABLE,CADA 100 ML CONTIENEN: CLORURO DE SODIO 0.9 G AGUA INYECTABLE 100 ML,500 ML. CONTIENE: SODIO 77 MILIEQUIVALENTES. CLORURO 77 MILIEQUIVALENTES
CLORURO DE SODIO,SOLUCION INYECTABLE,CADA 100 ML CONTIENEN: CLORURO DE SODIO 0.9 G AGUA INYECTABLE 100 ML,1 000 ML. CONTIENE: SODIO 154 MILIEQUIVALENTES CLORURO 154 MILIEQUIVALENTES
CLORURO DE SODIO Y GLUCOSA,SOLUCION INYECTABLE,CADA 100 ML CONTIENEN: CLORURO DE SODIO 0.9 G GLUCOSA ANHIDRA O GLUCOSA 5.0 G O GLUCOSA MONOHIDRATADA EQUIVALENTE A 5.0 G DE GLUCOSA,500 ML. CONTIENE: SODIO 77 ME
CLORURO DE SODIO Y GLUCOSA,SOLUCION INYECTABLE,CADA 100 ML CONTIENEN: CLORURO DE SODIO 0.9 G GLUCOSA ANHIDRA O GLUCOSA 5.0 G O GLUCOSA MONOHIDRATADA EQUIVALENTE A 5.0 G DE GLUCOSA,1 000 ML. CONTIENE: SODIO 15
CLOZAPINA,COMPRIMIDO,CADA COMPRIMIDO CONTIENE: CLOZAPINA 100 MG,30 COMPRIMIDOS
CLOZAPINA,COMPRIMIDO,CADA COMPRIMIDO CONTIENE: CLOZAPINA 100 MG,50 COMPRIMIDOS
COLCHICINA,TABLETA,CADA TABLETA CONTIENE: COLCHICINA 1 MG,30 TABLETAS
"COMPLEJO B. TABLETA, COMPRIMIDO O",CAPSULA,"CADA TABLETA, COMPRIMIDO O CAPSULA CONTIENE: MONONITRATO O CLORHIDRATO DE TIAMINA 100 MG CLORHIDRATO DE PIRIDOXINA 5 MG CIANOCOBALAMINA 50 MICROGRAMOS","30 TABLETAS, COMP"
CROMOGLICATO DE SODIO,SOLUCION OFTALMICA,CADA ML CONTIENE: CROMOGLICATO DE SODIO 40 MG,GOTERO INTEGRAL CON 5 ML
DAPAGLIFLOZINA,TABLETA,CADA TABLETA CONTIENE: DAPAGLIFLOZINA PROPANODIOL EQUIVALENTE A 10 MG DE DAPAGLIFLOZINA,28 TABLETAS
DEXAMETASONA,SOLUCION INYECTABLE,CADA FRASCO AMPULA O AMPOLLETA CONTIENE: FOSFATO SODICO DE DEXAMETASONA EQUIVALENTE A 8 MG DE FOSFATO DE DEXAMETASONA,UN FRASCO AMPULA O AMPOLLETA CON 2 ML
DEXTROMETORFANO,JARABE,CADA 100 ML CONTIENEN: BROMHIDRATO DE DEXTROMETORFANO 300 MG,60 ML Y DOSIFICADOR (15 MG/5 ML)
DIAZEPAM,SOLUCION INYECTABLE,CADA AMPOLLETA CONTIENE: DIAZEPAM 10 MG,50 AMPOLLETAS DE 2 ML
DIAZEPAM,TABLETA,CADA TABLETA CONTIENE: DIAZEPAM 10 MG,20 TABLETAS
DICLOFENACO,CAPSULA O GRAGEA DE LIBERACION PROLONGADA,CADA GRAGEA CONTIENE: DICLOFENACO SODICO 100 MG,20 CAPSULAS O GRAGEAS
DICLOFENACO,SOLUCION INYECTABLE,CADA AMPOLLETA CONTIENE: DICLOFENACO SODICO 75 MG,2 AMPOLLETAS CON 3 ML
DICLOXACILINA,SUSPENSION ORAL,CADA 5 ML CONTIENEN: DICLOXACILINA SODICA 250 MG,POLVO PARA 60 ML Y DOSIFICADOR
DICLOXACILINA CAPSULA O,COMPRIMIDO,CADA CAPSULA O COMPRIMIDO CONTIENE: DICLOXACILINA SODICA 500 MG,20 CAPSULAS O COMPRIMIDOS
DIFENHIDRAMINA,JARABE,CADA 100 MILILITROS CONTIENEN: CLORHIDRATO DE DIFENHIDRAMINA 250 MG,60 ML
DIFENHIDRAMINA,SOLUCION INYECTABLE,CADA FRASCO AMPULA CONTIENE: CLORHIDRATO DE DIFENHIDRAMINA 100 MG,FRASCO AMPULA DE 10 ML
DIFENIDOL,TABLETA,CADA TABLETA CONTIENE: CLORHIDRATO DE DIFENIDOL EQUIVALENTE A 25 MG DE DIFENIDOL,30 TABLETAS
DIFENIDOL,SOLUCION INYECTABLE,CADA AMPOLLETA CONTIENE: CLORHIDRATO DE DIFENIDOL EQUIVALENTE A 40 MG DE DIFENIDOL,2 AMPOLLETAS DE 2 ML
DIGOXINA,TABLETA,CADA TABLETA CONTIENE: DIGOXINA 0.25 MG,20 TABLETAS
DOBUTAMINA,SOLUCION INYECTABLE,CADA AMPOLLETA CONTIENE: CLORHIDRATO DE DOBUTAMINA EQUIVALENTE A 250 MG DE DOBUTAMINA,5 AMPOLLETAS CON 5 ML CADA UNA
DOXICICLINA,TABLETA O CAPSULA,CADA CAPSULA O TABLETA CONTIENE: HICLATO DE DOXICICLINA EQUIVALENTE A 100 MG DE DOXICILINA,10 CAPSULAS O TABLETAS
EMPAGLIFLOZINA,TABLETA,CADA TABLETA CONTIENE: EMPAGLIFLOZINA 25 MG,30 TABLETAS
EMTRICITABINA-TENOFOVIR DISOPROXIL O EMTRICITABINA-TENOFOVIR DISOPROXIL FUMARATO,TABLETA,CADA TABLETA CONTIENE: TENOFOVIR DISOPROXIL SUCCINATO EQUIVALENTE A 245 MG DE TENOFOVIR DISOPROXIL EMTRICITABINA 200 MG,3
ENALAPRIL,TABLETA O CAPSULA,CADA CAPSULA O TABLETA CONTIENE: MALEATO DE ENALAPRIL 10 MG,30 CAPSULAS O TABLETAS
EPINASTINA,TABLETA,CADA TABLETA CONTIENE: CLORHIDRATO DE EPINASTINA 20 MG,10 TABLETAS
ERGOTAMINA Y CAFEINA COMPRIMIDO,GRAGEA O TABLETA,"CADA COMPRIMIDO, GRAGEA O TABLETA CONTIENE: TARTRATO DE ERGOTAMINA 1 MG CAFEINA 100 MG","20 COMPRIMIDOS, GRAGEAS O TABLETAS"
ERITROMICINA,TABLETA O CAPSULA,CADA CAPSULA O TABLETA CONTIENE: ESTEARATO DE ERITROMICINA EQUIVALENTE A 500 MG DE ERITROMICINA,20 CAPSULAS O TABLETAS
ERITROMICINA,SUSPENSION ORAL,CADA 5 ML CONTIENEN: ESTEARATO O ETILSUCCINATO O ESTOLATO DE ERITROMICINA EQUIVALENTE A 250 MG DE ERITROMICINA,POLVO PARA 100 ML Y DOSIFICADOR
ESPIRONOLACTONA,TABLETA,CADA TABLETA CONTIENE: ESPIRONOLACTONA 25 MG,30 TABLETAS
ESTROGENOS CONJUGADOS,GRAGEA O TABLETA,CADA GRAGEA O TABLETA CONTIENE: ESTROGENOS CONJUGADOS DE ORIGEN EQUINO 0.625 MG,42 GRAGEAS O TABLETAS
ESTROGENOS CONJUGADOS,CREMA VAGINAL,CADA 100 G CONTIENE: ESTROGENOS CONJUGADOS DE ORIGEN EQUINO 62.5 MG,43 G Y APLICADOR
ETONOGESTREL,IMPLANTE,CADA CONTIENE: ETONOGESTREL 68.0 MG,UN IMPLANTE Y APLICADOR
EZETIMIBA,TABLETA,CADA TABLETA CONTIENE: EZETIMIBA 10 MG,30 TABLETAS
EZETIMIBA-SIMVASTATINA,COMPRIMIDO,CADA COMPRIMIDO CONTIENE: EZETIMIBA 10 MG SIMVASTATINA 20 MG,14 COMPRIMIDOS
FENAZOPIRIDINA,TABLETA,CADA TABLETA CONTIENE: CLORHIDRATO DE FENAZOPIRIDINA 100 MG,20 TABLETAS
FENILEFRINA,SOLUCION NASAL,CADA ML CONTIENE: CLORHIDRATO DE FENILEFRINA 2.5 MG,GOTERO INTEGRAL CON 15 ML
FENITOINA,TABLETA O CAPSULA,CADA TABLETA O CAPSULA CONTIENE: FENITOINA SODICA 100 MG,50 TABLETAS O CAPSULAS
FENITOINA,SOLUCION INYECTABLE,CADA AMPOLLETA CONTIENE: FENITOINA SODICA 250 MG,UNA AMPOLLETA (250 MG/5 ML)
FENOBARBITAL,TABLETA,CADA TABLETA CONTIENE: FENOBARBITAL 100 MG,20 TABLETAS
FINASTERIDA,GRAGEA O TABLETA RECUBIERTA,CADA GRAGEA O TABLETA RECUBIERTA CONTIENE: FINASTERIDA 5 MG,30 GRAGEAS O TABLETAS RECUBIERTAS
FLUOCINOLONA,CREMA,CADA G CONTIENE: ACETONIDO DE FLUOCINOLONA 0.1 MG,20 G
FLUOXETINA,TABLETA O CAPSULA,CADA CAPSULA O TABLETA CONTIENE: CLORHIDRATO DE FLUOXETINA EQUIVALENTE A 20 MG DE FLUOXETINA,28 CAPSULAS O TABLETAS
FLUTICASONA,SUSPENSION EN AEROSOL,CADA DOSIS CONTIENE: PROPIONATO DE FLUTICASONA 50 MICROGRAMOS,UN FRASCO PRESURIZADO PARA 60 DOSIS
FLUTICASONA,SUSPENSION EN AEROSOL,CADA DOSIS CONTIENE: PROPIONATO DE FLUTICASONA 50 MICROGRAMOS,UN FRASCO PRESURIZADO PARA 120 DOSIS
FOSFATO Y CITRATO DE SODIO,SOLUCION,CADA 100 ML CONTIENEN: FOSFATO MONOSODICO 12 G CITRATO DE SODIO 10 G,133 ML Y CANULA RECTAL
FUMARATO FERROSO,SUSPENSION ORAL,CADA ML CONTIENE: FUMARATO FERROSO 29 MG EQUIVALENTE A 9.53 MG DE HIERRO ELEMENTAL,120 ML
FUROSEMIDA,TABLETA,CADA TABLETA CONTIENE: FUROSEMIDA 40 MG,20 TABLETAS
FUROSEMIDA,SOLUCION INYECTABLE,CADA AMPOLLETA CONTIENE: FUROSEMIDA 20 MG,5 AMPOLLETAS DE 2 ML
GABAPENTINA,CAPSULA,CADA CAPSULA CONTIENE: GABAPENTINA 300 MG,15 CAPSULAS
GLIBENCLAMIDA,TABLETA,CADA TABLETA CONTIENE: GLIBENCLAMIDA 5 MG,50 TABLETAS
GLUCOSA,SOLUCION INYECTABLE,CADA 100 ML CONTIENE: GLUCOSA ANHIDRA O GLUCOSA 5 G O GLUCOSA MONOHIDRATADA EQUIVALENTE A 5.0 G DE GLUCOSA,250 ML. CONTIENE: GLUCOSA 12.5 G
GLUCOSA,SOLUCION INYECTABLE,CADA 100 ML CONTIENEN: GLUCOSA ANHIDRA O GLUCOSA 5 G O GLUCOSA MONOHIDRATADA EQUIVALENTE A 5.0 G DE GLUCOSA,1 000 ML. CONTIENE: GLUCOSA 50.0 G
HALOPERIDOL,TABLETA,CADA TABLETA CONTIENE: HALOPERIDOL 5 MG,20 TABLETAS
HEPARINA,SOLUCION INYECTABLE,CADA FRASCO AMPULA CONTIENE: HEPARINA SODICA EQUIVALENTE A 10 000 UI DE HEPARINA,50 FRASCOS AMPULA CON 10 ML (1000 UI/ML)
HIDRALAZINA,TABLETA,CADA TABLETA CONTIENE: CLORHIDRATO DE HIDRALAZINA 10 MG,20 TABLETAS
HIDROCLOROTIAZIDA,TABLETA,CADA TABLETA CONTIENE: HIDROCLOROTIAZIDA 25 MG,20 TABLETAS
HIDROCORTISONA,SOLUCION INYECTABLE,CADA FRASCO AMPULA CONTIENE: SUCCINATO SODICO DE HIDROCORTISONA EQUIVALENTE A 100 MG DE HIDROCORTISONA,50 FRASCOS AMPULA Y 50 AMPOLLETAS CON 2 ML DE DILUYENTE
HIDROCORTISONA,CREMA,CADA G CONTIENE: 17 BUTIRATO DE HIDROCORTISONA 1 MG,15 G
HIDROXIZINA,GRAGEA O TABLETA,CADA GRAGEA O TABLETA CONTIENE: CLORHIDRATO DE HIDROXIZINA 10 MG,30 GRAGEAS O TABLETAS
HIDROXOCOBALAMINA,SOLUCION INYECTABLE,CADA AMPOLLETA O FRASCO AMPULA CON SOLUCION O LIOFILIZADO CONTIENE: HIDROXOCOBALAMINA 100 MICROGRAMO,3 AMPOLLETAS DE 2 ML O FRASCO AMPULA Y DILUYENTE
HIPROMELOSA,SOLUCION OFTALMICA,CADA ML CONTIENE: HIPROMELOSA 5 MG,GOTERO INTEGRAL CON 15 ML
HIPROMELOSA,SOLUCION OFTALMICA,CADA ML CONTIENE: HIPROMELOSA 20 MG,GOTERO INTEGRAL CON 15 ML
IMIPRAMINA,GRAGEA O TABLETA,CADA GRAGEA O TABLETA CONTIENE: CLORHIDRATO DE IMIPRAMINA 25 MG,20 GRAGEAS O TABLETAS
IMIQUIMOD,CREMA,CADA SOBRE CONTIENE: IMIQUIMOD 12.5 MG,"12 SOBRES, QUE CONTIENEN 250 MG DE CREMA"
INDOMETACINA,CAPSULA,CADA CAPSULA CONTIENE: INDOMETACINA 25 MG,30 CAPSULAS
INMUNOGLOBULINA HUMANA HIPERINMUNE ANTITETANICA,SOLUCION INYECTABLE,"CADA FRASCO AMPULA, AMPOLLETA O JERINGA PRELLENADA CONTIENE: INMUNOGLOBULINA HUMANA HIPERINMUNE ANTITETANICA 250 UI",UNA JERINGA PRELLENADA CO
INSULINA GLARGINA,SOLUCION INYECTABLE,CADA ML DE SOLUCION CONTIENE: INSULINA GLARGINA 3.64 MG. EQUIVALENTE A 100 UI DE INSULINA HUMANA,UN FRASCO AMPULA CON 10 ML
INSULINA GLARGINA,SOLUCION INYECTABLE,CADA MILILITRO CONTIENE: INSULINA GLARGINA 3.64 MG EQUIVALENTE A 100.0 UI DE INSULINA HUMANA,5 CARTUCHOS DE VIDRIO CON 3 ML EN DISPOSITIVO DESECHABLE
INSULINA HUMANA,SUSPENSION INYECTABLE ACCION INTERMEDIA NPH,CADA ML CONTIENE: INSULINA HUMANA ISOFANA (ORIGEN ADN RECOMBINANTE) 100 UI O INSULINA ZINC ISOFANA HUMANA (ORIGEN ADN RECOMBINANTE) 100 UI,UN FRASCO A
INSULINA HUMANA ACCION RAPIDA REGULAR,SOLUCION INYECTABLE ACCION RAPIDA REGULAR,CADA ML CONTIENE: INSULINA HUMANA (ORIGEN ADN RECOMBINANTE) 100 UI O INSULINA ZINC ISOFANA HUMANA (ORIGEN ADN RECOMBINANTE) 100 UI. ENVASE CON,
INSULINA LISPRO,SOLUCION INYECTABLE,CADA ML CONTIENE: INSULINA LISPRO (ORIGEN ADN RECOMBINANTE) 100 UI,UN FRASCO AMPULA CON 10 ML
"INSULINA LISPRO, LISPRO PROTAMINA",SUSPENSION INYECTABLE,CADA ML CONTIENE: INSULINA LISPRO (ORIGEN ADN RECOMBINANTE) 25 UI INSULINA LISPRO PROTAMINA (ORIGEN ADN RECOMBINANTE) 75 UI,UN FRASCO AMPULA CON 10ML
IPRATROPIO,SUSPENSION EN AEROSOL,CADA G CONTIENE: BROMURO DE IPRATROPIO 0.286 MG (20 MICROGRAMO POR NEBULIZACION),15 ML (21.0 G) COMO AEROSOL
IPRATROPIO,SOLUCION,CADA 100 ML CONTIENEN: BROMURO DE IPRATROPIO MONOHIDRATADO EQUIVALENTE A 25 MG DE BROMURO DE IPRATROPIO,FRASCO AMPULA CON 20 ML
IPRATROPIO -SALBUTAMOL,SOLUCION,CADA AMPOLLETA CONTIENE: BROMURO DE IPRATROPIO MONOHIDRATADO EQUIVALENTE A 0.500 MG DE BROMURO DE IPRATROPIO. SULFATO DE SALBUTAMOL EQUIVALENTE A 2.500 MG DE SALBUTAMOL,10 AMPO
IRBESARTAN-HIDROCLOROTIAZIDA,TABLETA,CADA TABLETA CONTIENE: IRBESARTAN 150 MG HIDROCLOROTIAZIDA 12.5 MG,28 TABLETAS
IRBESARTAN-HIDROCLOROTIAZIDA,TABLETA,CADA TABLETA CONTIENE: IRBESARTAN 300 MG HIDROCLOROTIAZIDA 12.5 MG,28 TABLETAS
ISONIAZIDA -RIFAMPICINA,TABLETA RECUBIERTA,CADA TABLETA RECUBIERTA CONTIENE: ISONIAZIDA 400 MG RIFAMPICINA 300 MG,90 TABLETAS RECUBIERTAS
ISONIAZIDA -RIFAMPICINA-PIRAZINAMIDA -ETAMBUTOL,TABLETA,CADA TABLETA CONTIENE: ISONIAZIDA 75 MG RIFAMPICINA 150 MG PIRAZINAMIDA 400 MG CLORHIDRATO DE ETAMBUTOL 300 MG,240 TABLETAS
ISOSORBIDA,TABLETA SUBLINGUAL,CADA TABLETA CONTIENE: DINITRATO DE ISOSORBIDA 5 MG,20 TABLETAS SUBLINGUALES
ISOSORBIDA,TABLETA,CADA TABLETA CONTIENE: DINITRATO DE ISOSORBIDA 10 MG,20 TABLETAS
ITRACONAZOL,CAPSULA,CADA CAPSULA CONTIENE: ITRACONAZOL 100 MG,15 CAPSULAS
KETOCONAZOL,TABLETA,CADA TABLETA CONTIENE: KETOCONAZOL 200 MG,10 TABLETAS
KETOROLACO,SOLUCION INYECTABLE,CADA FRASCO AMPULA O AMPOLLETA CONTIENE: KETOROLACO-TROMETAMINA 30 MG,3 FRASCOS AMPULA O 3 AMPOLLETAS DE 1 ML
KETOTIFENO,SOLUCION ORAL,CADA 100 ML CONTIENEN: FUMARATO ACIDO DE KETOTIFENO EQUIVALENTE A 20 MG DE KETOTIFENO,120 ML Y DOSIFICADOR
LAMOTRIGINA,TABLETA,CADA TABLETA CONTIENE: LAMOTRIGINA 100 MG,28 TABLETAS
LEVETIRACETAM,TABLETA,CADA TABLETA CONTIENE: LEVETIRACETAM 500 MG,60 TABLETAS
LEVETIRACETAM,TABLETA,CADA TABLETA CONTIENE: LEVETIRACETAM 1 000 MG,30 TABLETAS
LEVODOPA Y CARBIDOPA,TABLETA,CADA TABLETA CONTIENE: LEVODOPA 250 MG CARBIDOPA 25 MG,100 TABLETAS
LEVOMEPROMAZINA,TABLETA,CADA TABLETA CONTIENE: MALEATO DE LEVOMEPROMAZINA EQUIVALENTE A 25 MG DE LEVOMEPROMAZINA,20 TABLETAS
LEVONORGESTREL,POLVO,CADA CONTIENE: LEVONORGESTREL (MICRONIZADO) 52 MG,UN DISPOSITIVO
LEVONORGESTREL Y ETINILESTRADIOL,GRAGEA,"CADA GRAGEA CONTIENE: LEVONORGESTREL 0.15 MG, ETINILESTRADIOL 0.03 MG",21 GRAGEAS
LEVONORGESTREL Y ETINILESTRADIOL,GRAGEA,CADA GRAGEA CONTIENE: LEVONORGESTREL 0.15 MG ETINILESTRADIOL 0.03 MG,28 GRAGEAS. (21 CON HORMONALES Y 7 SIN HORMONALES)
LEVOTIROXINA,TABLETA,CADA TABLETA CONTIENE: LEVOTIROXINA SODICA EQUIVALENTE A 100 MICROGRAMOS DE LEVOTIROXINA SODICA ANHIDRA,100 TABLETAS
LIDOCAINA,SOLUCION INYECTABLE,CADA FRASCO AMPULA CONTIENE: CLORHIDRATO DE LIDOCAINA 1 G,5 FRASCOS AMPULA CON 50 ML
LIDOCAINA,SOLUCION,CADA 100 ML CONTIENE: LIDOCAINA 10.0 G,115 ML CON ATOMIZADOR MANUAL
LIDOCAINA -HIDROCORTISONA,UNGÜENTO,CADA 100 GRAMOS CONTIENE: LIDOCAINA 5 G ACETATO DE HIDROCORTISONA 0.25 G SUBACETATO DE ALUMINIO 3.50 G OXIDO DE ZINC 18 G,20 G Y APLICADOR
LIDOCAINA -HIDROCORTISONA,SUPOSITORIO,CADA SUPOSITORIO CONTIENE: LIDOCAINA 60 MG ACETATO DE HIDROCORTISONA 5 MG OXIDO DE ZINC 400 MG SUBACETATO DE ALUMINIO 50 MG,6 SUPOSITORIOS
"LIDOCAINA, EPINEFRINA",SOLUCION INYECTABLE,CADA CARTUCHO DENTAL CONTIENE: CLORHIDRATO DE LIDOCAINA 36 MG EPINEFRINA (1:100000) 0.018 MG,50 CARTUCHOS DENTALES CON 1.8 ML
LINAGLIPTINA,TABLETA,CADA TABLETA CONTIENE: LINAGLIPTINA 5 MG,30 TABLETAS
LINAGLIPTINA/METFORMINA,TABLETA,CADA TABLETA CONTIENE: LINAGLIPTINA 2.5 MG CLORHIDRATO DE METFORMINA 850 MG,60 TABLETAS
LITIO,TABLETA,CADA TABLETA CONTIENE: CARBONATO DE LITIO 300 MG,50 TABLETAS
LOPERAMIDA COMPRIMIDO,GRAGEA O TABLETA,"CADA COMPRIMIDO, TABLETAS O GRAGEA CONTIENE: CLORHIDRATO DE LOPERAMIDA 2 MG","12 COMPRIMIDOS, TABLETAS O GRAGEAS"
LORATADINA,GRAGEA O TABLETA,CADA TABLETA O GRAGEA CONTIENEN: LORATADINA 10 MG,20 TABLETAS O GRAGEAS
LORATADINA,JARABE,CADA 100 ML CONTIENEN: LORATADINA 100 MG,60 ML Y DOSIFICADOR
LORAZEPAM,TABLETA,CADA TABLETA CONTIENE: LORAZEPAM 1 MG,40 TABLETAS
LOSARTAN,GRAGEA O COMPRIMIDO RECUBIERTO,CADA GRAGEA O COMPRIMIDO RECUBIERTO CONTIENE: LOSARTAN POTASICO 50 MG,30 GRAGEAS O COMPRIMIDOS RECUBIERTOS
MEDROXIPROGESTERONA,TABLETA,CADA TABLETA CONTIENE: ACETATO DE MEDROXIPROGESTERONA 10 MG,10 TABLETAS
MEDROXIPROGESTERONA,SUSPENSION INYECTABLE,CADA FRASCO AMPULA O JERINGA PRELLENADA CONTIENE: ACETATO DE MEDROXIPROGESTERONA 150 MG,UNA FRASCO AMPULA O JERINGA PRELLENADA DE 1 ML
MEDROXIPROGESTERONA Y CIPIONATO DE ESTRADIOL,SUSPENSION INYECTABLE,"CADA AMPOLLETA O JERINGA CONTIENE: ACETATO DE MEDROXIPROGESTERONA 25 MG, CIPIONATO DE ESTRADIOL 5 MG",UNA AMPOLLETA O JERINGA PRELLENADA DE 0.5
METAMIZOL SODICO,SOLUCION INYECTABLE,CADA AMPOLLETA CONTIENE: METAMIZOL SODICO 1 G,3 AMPOLLETAS CON 2 ML
METFORMINA,TABLETA,CADA TABLETA CONTIENE: CLORHIDRATO DE METFORMINA 850 MG,30 TABLETAS
METILDOPA,TABLETA,CADA TABLETA CONTIENE: METILDOPA 250 MG,30 TABLETAS
METILFENIDATO,COMPRIMIDO,CADA COMPRIMIDO CONTIENE: CLORHIDRATO DE METILFENIDATO 10 MG,30 COMPRIMIDOS
METOCLOPRAMIDA,SOLUCION INYECTABLE,CADA AMPOLLETA CONTIENE: CLORHIDRATO DE METOCLOPRAMIDA 10 MG,6 AMPOLLETAS DE 2 ML
METOCLOPRAMIDA,TABLETA,CADA TABLETA CONTIENE: CLORHIDRATO DE METOCLOPRAMIDA 10 MG,20 TABLETAS
METOCLOPRAMIDA,SOLUCION,CADA ML CONTIENE: CLORHIDRATO DE METOCLOPRAMIDA 4 MG ENVASE FRASCO GOTERO CON 20 ML.,
METOPROLOL,TABLETA,CADA TABLETA CONTIENE: TARTRATO DE METOPROLOL 100 MG,20 TABLETAS
METRONIDAZOL,TABLETA,CADA TABLETA CONTIENE: METRONIDAZOL 500 MG,30 TABLETAS
METRONIDAZOL,SUSPENSION ORAL,CADA 5 ML CONTIENEN: BENZOILO DE METRONIDAZOL EQUIVALENTE A 250 MG DE METRONIDAZOL,120 ML Y DOSIFICADOR
METRONIDAZOL,OVULO O TABLETA VAGINAL,CADA OVULO O TABLETA CONTIENE: METRONIDAZOL 500 MG,10 OVULOS O TABLETAS
MICONAZOL,CREMA,CADA GRAMO CONTIENE: NITRATO DE MICONAZOL 20 MG,20 G
NAFAZOLINA,SOLUCION OFTALMICA,CADA ML CONTIENE: CLORHIDRATO DE NAFAZOLINA 1 MG,GOTERO INTEGRAL CON 15 ML
NAPROXENO,TABLETA,CADA TABLETA CONTIENE: NAPROXENO 250 MG,30 TABLETAS
NIFEDIPINO,CAPSULA DE GELATINA BLANDA,CADA CAPSULA CONTIENE: NIFEDIPINO 10 MG,20 CAPSULAS
NIFEDIPINO,COMPRIMIDO DE LIBERACION PROLONGADA,CADA COMPRIMIDO CONTIENE: NIFEDIPINO 30 MG,30 COMPRIMIDOS
NISTATINA,OVULO O TABLETA VAGINAL,CADA OVULO O TABLETA CONTIENE: NISTATINA 100 000 UI,12 OVULOS O TABLETAS
NITROFURAL,OVULO,CADA OVULO CONTIENE: NITROFURAL 6 MG,6 OVULOS
NITROFURANTOINA,CAPSULA,CADA CAPSULA CONTIENE: NITROFURANTOINA 100 MG,40 CAPSULAS
NORELGESTROMINA Y ETINILESTRADIOL,PARCHE,CADA PARCHE CONTIENE: NORELGESTROMINA 6.00 MG ETINILESTRADIOL 0.60 MG,3 PARCHES
NORETISTERONA Y ESTRADIOL,SOLUCION INYECTABLE,CADA AMPOLLETA O JERINGA CONTIENE:ENANTATO DE NORETISTERONA 50 MG VALERATO DE ESTRADIOL 5 MG,UNA AMPOLLETA O JERINGA CON UN ML
OMEPRAZOL O PANTOPRAZOL,SOLUCION INYECTABLE,CADA FRASCO AMPULA CON LIOFILIZADO CONTIENE: OMEPRAZOL SODICO EQUIVALENTE A 40 MG DE OMEPRAZOL. O PANTOPRAZOL SODICO EQUIVALENTE A 40 MG DE PANTOPRAZOL,UN FRASCO AM
OSELTAMIVIR,CAPSULA,CADA CAPSULA CONTIENE: OSELTAMIVIR 75.0 MG,10 CAPSULAS
OXCARBAZEPINA,GRAGEA O TABLETA,CADA GRAGEA O TABLETA CONTIENE OXCARBAZEPINA 600 MG,20 GRAGEAS O TABLETAS
OXCARBAZEPINA,SUSPENSION ORAL,CADA 100 ML CONTIENEN: OXCARBAZEPINA 6 G,100 ML
OXIDO DE ZINC,PASTA,CADA 100 G CONTIENEN: OXIDO DE ZINC 25. 0 G,30 G
PANTOPRAZOL O RABEPRAZOL U OMEPRAZOL. TABLETA O GRAGEA O,CAPSULA,CADA TABLETA O GRAGEA O CAPSULA CONTIENE: PANTOPRAZOL 40 MG O RABEPRAZOL SODICO 20 MG U OMEPRAZOL 20 MG,28 TABLETAS O GRAGEAS O CAPSULAS
PARACETAMOL,TABLETA,CADA TABLETA CONTIENE: PARACETAMOL 500 MG,10 TABLETAS
PARACETAMOL,SUPOSITORIO,CADA SUPOSITORIO CONTIENE: PARACETAMOL 300 MG,3 SUPOSITORIOS
PARACETAMOL,SOLUCION ORAL,CADA ML CONTIENE: PARACETAMOL 100 MG,"15 ML, GOTERO CALIBRADO A 0.5 Y 1 ML, INTEGRADO O ADJUNTO AL ENVASE QUE SIRVE DE TAPA"
PAROXETINA,TABLETA,CADA TABLETA CONTIENE: CLORHIDRATO DE PAROXETINA EQUIVALENTE A 20 MG DE PAROXETINA,10 TABLETAS
PENTOXIFILINA,TABLETA O GRAGEA DE LIBERACION PROLONGADA,CADA TABLETA O GRAGEA CONTIENE: PENTOXIFILINA 400 MG,30 TABLETAS O GRAGEAS
PINAVERIO,TABLETA,CADA TABLETA CONTIENE: BROMURO DE PINAVERIO 100 MG,28 TABLETAS
PIROXICAM,TABLETA O CAPSULA,CADA CAPSULA O TABLETA CONTIENE: PIROXICAM 20 MG,20 CAPSULAS O TABLETAS
POTASIO SALES DE,TABLETA SOLUBLE O EFERVESCENTE,CADA TABLETA CONTIENE: BICARBONATO DE POTASIO 766 MG BITARTRATO DE POTASIO 460 MG ACIDO CITRICO 155 MG,50 TABLETAS SOLUBLES
PRAVASTATINA,TABLETA,CADA TABLETA CONTIENE: PRAVASTATINA SODICA 10 MG,30 TABLETAS
PRAZOSINA CAPSULA O,COMPRIMIDO,CADA CAPSULA O COMPRIMIDO CONTIENE: CLORHIDRATO DE PRAZOSINA EQUIVALENTE A 1 MG DE PRAZOSINA,30 CAPSULAS O COMPRIMIDOS
PREDNISOLONA,SOLUCION OFTALMICA,CADA ML CONTIENE: FOSFATO SODICO DE PREDNISOLONA EQUIVALENTE A 5 MG DE FOSFATO DE PREDNISOLONA,GOTERO INTEGRAL CON 5 ML
PREDNISONA,TABLETA,CADA TABLETA CONTIENE: PREDNISONA 5 MG,20 TABLETAS
PREDNISONA,TABLETA,CADA TABLETA CONTIENE: PREDNISONA 50 MG,20 TABLETAS
PREGABALINA,CAPSULA,CADA CAPSULA CONTIENE: PREGABALINA 75 MG,28 CAPSULAS
PREGABALINA,CAPSULA,CADA CAPSULA CONTIENE: PREGABALINA 150 MG,28 CAPSULAS
PRIMIDONA,TABLETA,CADA TABLETA CONTIENE: PRIMIDONA 250 MG,50 TABLETAS
PROPAFENONA,TABLETA,CADA TABLETA CONTIENE: CLORHIDRATO DE PROPAFENONA 150 MG,20 TABLETAS
PROPRANOLOL,TABLETA,CADA TABLETA CONTIENE: CLORHIDRATO DE PROPRANOLOL 40 MG,30 TABLETAS
RALOXIFENO,TABLETA,CADA TABLETA CONTIENE: CLORHIDRATO DE RALOXIFENO 60 MG,28 TABLETAS
RESINA DE COLESTIRAMINA,POLVO,CADA SOBRE CONTIENE: RESINA DE COLESTIRAMINA 4 G,50 SOBRES
RISPERIDONA,TABLETA,CADA TABLETA CONTIENE: RISPERIDONA 2 MG,40 TABLETAS
SALBUTAMOL,SUSPENSION EN AEROSOL,CADA INHALADOR CONTIENE: SALBUTAMOL 20 MG O SULFATO DE SALBUTAMOL EQUIVALENTE A 20 MG DE SALBUTAMOL,INHALADOR CON 200 DOSIS DE 100 MICROGRAMOS
SALBUTAMOL,JARABE,CADA 5 ML CONTIENEN: SULFATO DE SALBUTAMOL EQUIVALENTE A 2 MG DE SALBUTAMOL,60 ML
SALBUTAMOL,SOLUCION PARA NEBULIZADOR,CADA 100 ML CONTIENEN: SULFATO DE SALBUTAMOL 0.5 G,10 ML
SALMETEROL -FLUTICASONA,POLVO,CADA DOSIS CONTIENE XINAFOATO DE SALMETEROL EQUIVALENTE A 50 MICROGRAMOS DE SALMETEROL PROPIONATO DE FLUTICASONA 100 MICROGRAMOS,DISPOSITIVO INHALADOR PARA 60 DOSIS
SENOSIDOS A-B,TABLETA,CADA TABLETA CONTIENE: CONCENTRADOS DE SEN DESECADOS 187 MG (NORMALIZADO A 8.6 MG DE SENOSIDOS A-B),20 TABLETAS
SERTRALINA,TABLETA O CAPSULA,CADA CAPSULA O TABLETA CONTIENE: CLORHIDRATO DE SERTRALINA EQUIVALENTE A 50 MG DE SERTRALINA,14 CAPSULAS O TABLETAS
SITAGLIPTINA,COMPRIMIDO,CADA COMPRIMIDO CONTIENE: FOSFATO DE SITAGLIPTINA MONOHIDRATADA EQUIVALENTE A 100 MG DE SITAGLIPTINA,14 COMPRIMIDOS
SITAGLIPTINA,COMPRIMIDO,CADA COMPRIMIDO CONTIENE: FOSFATO DE SITAGLIPTINA MONOHIDRATADA EQUIVALENTE A 100 MG DE SITAGLIPTINA,28 COMPRIMIDOS
SOLUCION HARTMANN,SOLUCION INYECTABLE,CADA 100 ML CONTIENEN: CLORURO DE SODIO 0.600 G CLORURO DE POTASIO 0.030 G CLORURO DE CALCIO DIHIDRATADO 0.020 G LACTATO DE SODIO 0.310 G,500 ML. MILIEQUIVALENTES POR L
SOLUCION HARTMANN,SOLUCION INYECTABLE,CADA 100 ML CONTIENEN: CLORURO DE SODIO 0.600 G CLORURO DE POTASIO 0.030 G CLORURO DE CALCIO DIHIDRATADO 0.020 G LACTATO DE SODIO 0.310 G,1000 ML. MILIEQUIVALENTES POR
SUCRALFATO,TABLETA,CADA TABLETA CONTIENE: SUCRALFATO 1 G,40 TABLETAS
SULFADIAZINA DE PLATA,CREMA,CADA 100 GRAMOS CONTIENE: SULFADIAZINA DE PLATA MICRONIZADA 1 G,375 G
SULFASALAZINA,TABLETA CON CAPA ENTERICA,CADA TABLETA CON CAPA ENTERICA CONTIENE: SULFASALAZINA 500 MG,60 TABLETAS CON CAPA ENTERICA
SULFATO FERROSO,TABLETA,CADA TABLETA CONTIENE: SULFATO FERROSO DESECADO APROXIMADAMENTE 200 MG EQUIVALENTE A 60.27 MG DE HIERRO ELEMENTAL,30 TABLETAS
SULFATO FERROSO,SOLUCION,CADA ML CONTIENE: SULFATO FERROSO HEPTAHIDRATADO 125 MG EQUIVALENTE A 25 MG DE HIERRO ELEMENTAL. ENVASE GOTERO CON 15 ML.,
SULINDACO,GRAGEA O TABLETA,CADA TABLETA O GRAGEA CONTIENE: SULINDACO 200 MG,20 TABLETAS O GRAGEAS
TAMSULOSINA. CAPSULA O,TABLETA DE LIBERACION PROLONGADA,CADA CAPSULA O TABLETA DE LIBERACION PROLONGADA CONTIENE: CLORHIDRATO DE TAMSULOSINA 0.4 MG,30 CAPSULAS O TABLETAS DE LIBERACION PROLONGADA
TELMISARTAN,TABLETA,CADA TABLETA CONTIENE: TELMISARTAN 40 MG,30 TABLETAS
TELMISARTAN HIDROCLOROTIAZIDA,TABLETA O CAPSULA,CADA TABLETA O CAPSULA CONTIENE: TELMISARTAN 80.0 MG HIDROCLOROTIAZIDA 12.5 MG,14 TABLETAS O CAPSULAS
TENECTEPLASA,SOLUCION INYECTABLE,"CADA FRASCO AMPULA CONTIENE: TENECTEPLASA 50 MG (10,000 U)",FRASCO AMPULA Y JERINGA PRELLENADA CON 10 ML DE AGUA INYECTABLE
TEOFILINA,COMPRIMIDO O TABLETA O CAPSULA DE LIBERACION PROLONGADA,"CADA COMPRIMIDO, TABLETA O CAPSULA CONTIENE TEOFILINA ANHIDRA 100 MG",20 COMPRIMIDOS TABLETAS O CAPSULAS DE LIBERACION PROLONGADA
TETRACICLINA,TABLETA O CAPSULA,CADA TABLETA O CAPSULA CONTIENE: CLORHIDRATO DE TETRACICLINA 250 MG,10 TABLETAS O CAPSULAS
TOPIRAMATO,TABLETA,CADA TABLETA CONTIENE: TOPIRAMATO 100 MG,60 TABLETAS
TRIMETOPRIMA -SULFAMETOXAZOL,TABLETA O COMPRIMIDO,CADA COMPRIMIDO O TABLETA CONTIENE: TRIMETOPRIMA 80 MG SULFAMETOXAZOL 400 MG,20 COMPRIMIDOS O TABLETAS
TRIMETOPRIMA -SULFAMETOXAZOL,SUSPENSION ORAL,CADA 5 ML CONTIENEN: TRIMETOPRIMA 40 MG SULFAMETOXAZOL 200 MG,120 ML Y DOSIFICADOR
TRINITRATO DE GLICERILO,PARCHE,CADA PARCHE LIBERA: TRINITRATO DE GLICERILO 5 MG/DIA,7 PARCHES
VACUNA CONTRA ROTAVIRUS,SUSPENSION ORAL,CADA DOSIS DE 1.5 ML. CONTIENE: ROTAVIRUS VIVO ATENUADO HUMANO CEPA RIX4414 NO MENOS DE 10 A LA SEIS DICC50,50 TUBOS DE PLASTICO CON 1.5 ML
VACUNA RECOMBINANTE CONTRA HEPATITIS B,SUSPENSION INYECTABLE,CADA DOSIS DE 1 ML CONTIENE: AGSHB 20 MICROGRAMOS,UN FRASCO AMPULA CON 10 ML (10 DOSIS)
VALPROATO DE MAGNESIO,SOLUCION,CADA ML CONTIENE: VALPROATO DE MAGNESIO EQUIVALENTE A 186 MG DE ACIDO VALPROICO,40 ML
VALPROATO DE MAGNESIO,TABLETA DE LIBERACION PROLONGADA,CADA TABLETA CONTIENE: VALPROATO DE MAGNESIO 600 MG,30 TABLETAS
VALPROATO SEMISODICO,COMPRIMIDO CON CAPA ENTERICA,CADA COMPRIMIDO CONTIENE: VALPROATO SEMISODICO EQUIVALENTE A 250 MG DE ACIDO VALPROICO,30 COMPRIMIDOS
VENLAFAXINA,CAPSULA O GRAGEA DE LIBERACION PROLONGADA,CADA CAPSULA O GRAGEA DE LIBERACION PROLONGADA CONTIENE: CLORHIDRATO DE VENLAFAXINA EQUIVALENTE A 75 MG DE VENLAFAXINA,10 CAPSULAS O GRAGEAS DE LIBERACION
VERAPAMILO,GRAGEA O TABLETA RECUBIERTA,CADA GRAGEA O TABLETA RECUBIERTA CONTIENE: CLORHIDRATO DE VERAPAMILO 80 MG,20 GRAGEAS O TABLETAS RECUBIERTAS
VITAMINA A,SOLUCION,CADA DOSIS CONTIENE: PALMITATO DE VITAMINA A (RETINOL) 200 000 UI,25 DOSIS
VITAMINAS A.C.D,SOLUCION,CADA ML CONTIENE: PALMITATO DE RETINOL 7000 A 9000 UI; ACIDO ASCORBICO 80 A 125 MG; COLECALCIFEROL 1400 A 1800 UI;,15 ML
WARFARINA,TABLETA,CADA TABLETA CONTIENE: WARFARINA SODICA 5 MG,25 TABLETAS
ZINC Y FENILEFRINA,SOLUCION OFTALMICA,CADA ML CONTIENE: SULFATO DE ZINC HEPTAHIDRATADO 2.5 MG CLORHIDRATO DE FENILEFRINA 1.2 MG,GOTERO INTEGRAL CON 15 ML
